{"username":"hello","password":1450575459,"id":79705038,"position":{"x":786.0853100438309,"y":783.9200000000006,"mapX":0,"mapY":0}}