{"username":"hello","password":1450575459,"id":79705038,"position":{"x":1717.031002298565,"y":587.9200000000006,"mapX":1,"mapY":0}}