{"username":"noah","password":2001836527,"id":56212344,"position":{"x":964.5351721042886,"y":873.0000000000001,"mapX":0,"mapY":2}}